id,name,investor_type,firm_name,location,primary_domain,secondary_domains,investment_stage_pref,website,profile_url,linkedin_url,twitter_url,past_investments,total_investments_count,notable_investments,is_active_investing,short_bio,investment_thesis,tags,source,confidence_score,created_at,updated_at
3,Mark Suster,firm,Upfront Ventures,"Los Angeles, California",Advertising,"['Advertising', 'AI', 'Media/Content', 'Social Networks', 'Enterprise', 'SaaS', 'Los Angeles / Southern California', 'Future of Work', 'Angel, Scout, and Solo-Capitalists']","['Series B', 'Series A', 'Seed', 'Other Lists', 'Pre-seed']",https://upfront.com/people/mark-suster,https://signal.nfx.com/investors/mark-suster,https://www.linkedin.com/in/marksuster/,http://twitter.com/msuster,"[{'year': 2025, 'company_name': 'Modern Animal'}, {'year': 2023, 'company_name': 'Safe'}, {'year': 2022, 'company_name': 'Plotdrive'}, {'year': 2022, 'company_name': 'Queer Spaces'}, {'year': 2022, 'company_name': 'Remento'}, {'year': 2022, 'company_name': 'Invoca'}, {'year': 2019, 'company_name': 'Invoca'}, {'year': 2016, 'company_name': 'Invoca'}, {'year': 2014, 'company_name': 'Invoca'}, {'year': 2012, 'company_name': 'Invoca'}, {'year': 2010, 'company_name': 'Invoca'}, {'year': 2009, 'company_name': 'Invoca'}, {'year': 2022, 'company_name': 'Secfense'}, {'year': 2022, 'company_name': 'VADE'}]",37,"['Invoca', 'Invoca', 'Modern Animal', 'Invoca', 'Invoca']",True,General Partner at Upfront Ventures,,"['Advertising', 'AI', 'Media/Content', 'Social Networks', 'Enterprise', 'SaaS', 'Los Angeles / Southern California', 'Future of Work', 'Angel, Scout, and Solo-Capitalists']",nfx_signal,0.9,2025-12-10T06:19:27.681209+00:00,2025-12-10T06:19:27.681209+00:00
4,Elizabeth Yin,firm,Hustle Fund,San Francisco Bay Area,Advertising,"['Advertising', 'Developer Tools', 'Real Estate/PropTech', 'Cloud Infrastructure', 'Consumer Health', 'Web3/Blockchain', 'Marketplaces', 'FinTech', 'San Francisco Bay Area', 'SaaS', 'Angel, Scout, and Solo-Capitalists']","['Series A', 'Seed', 'Other Lists', 'Pre-seed']",https://hustlefund.vc/team,https://signal.nfx.com/investors/hustle-fund-deals,https://www.linkedin.com/in/elizabethyin/,https://www.twitter.com/dunkhippo33,"[{'year': 2025, 'company_name': 'Fusepay'}, {'year': 2025, 'company_name': 'Teammates.ai'}, {'year': 2024, 'company_name': 'Teammates.ai'}, {'year': 2024, 'company_name': 'Phaseshift Technologies'}, {'year': 2020, 'company_name': 'Phaseshift Technologies'}, {'year': 2024, 'company_name': 'FutureMoney'}, {'year': 2024, 'company_name': 'BitBrand'}, {'year': 2023, 'company_name': 'BitBrand'}, {'year': 2024, 'company_name': 'MeetPoppins.com'}, {'year': 2024, 'company_name': 'Zenode'}, {'year': 2023, 'company_name': 'Afterwork'}]",33,"['Phaseshift Technologies', 'FutureMoney', 'Phaseshift Technologies', 'BitBrand', 'Zenode']",True,Co-founder and General Partner at Hustle Fund,I'm looking to invest in founders who execute with speed.  Two areas that I'm looking at most right now include 1) Digital consumer health and 2) Decentralized software / Blockchain companies,"['Advertising', 'Developer Tools', 'Real Estate/PropTech', 'Cloud Infrastructure', 'Consumer Health', 'Web3/Blockchain', 'Marketplaces', 'FinTech', 'San Francisco Bay Area', 'SaaS', 'Angel, Scout, and Solo-Capitalists']",nfx_signal,0.9,2025-12-10T06:23:35.43968+00:00,2025-12-10T06:23:35.43968+00:00
24,Matt Freeman,firm,Bain Capital,"Boston, Massachusetts",Advertising,"['Advertising', 'MarketingTech', 'Media/Content', 'Social Networks', 'Boston / New England']","['Seed', 'Other Lists', 'Pre-seed']",https://baincapital.com/,https://signal.nfx.com/investors/matt-freeman,https://www.linkedin.com/in/mattfreeman1/,,[],0,[],False,Managing Director at Bain Capital,,"['Advertising', 'MarketingTech', 'Media/Content', 'Social Networks', 'Boston / New England']",nfx_signal,0.9,2025-12-10T07:02:40.047179+00:00,2025-12-10T07:02:40.047179+00:00
1,Pete Flint,firm,NFX,"San Francisco, California",SMB Software,"['SMB Software', 'Payments', 'Insurance', 'Real Estate/PropTech', 'AI', 'Investors who were founders', 'Investors who invested in female founders', 'Investors who invested in diverse founders', 'FinTech', 'New York City', 'Marketplaces', 'SaaS', 'San Francisco Bay Area', 'Future of Work', 'London', 'Generative Tech/AI']","['Seed', 'Other Lists', 'Pre-seed', 'Post-seed']",https://nfx.com/team/pete-flint/,https://signal.nfx.com/investors/pete-flint,https://www.linkedin.com/in/peteflint/,http://www.twitter.com/PeteFlint,"[{'year': 2025, 'company_name': 'Agentic Marketing Technologies'}, {'year': 2025, 'company_name': 'Tomo'}, {'year': 2022, 'company_name': 'Tomo'}, {'year': 2021, 'company_name': 'Tomo'}, {'year': 2020, 'company_name': 'Tomo'}, {'year': 2025, 'company_name': 'Shop Circle'}, {'year': 2023, 'company_name': 'Shop Circle'}, {'year': 2022, 'company_name': 'Shop Circle'}, {'year': 2025, 'company_name': 'Indigo'}, {'year': 2024, 'company_name': 'Constrafor'}, {'year': 2024, 'company_name': 'SESO'}, {'year': 2022, 'company_name': 'SESO'}, {'year': 2021, 'company_name': 'SESO'}, {'year': 2024, 'company_name': 'Overmoon'}, {'year': 2021, 'company_name': 'Overmoon'}, {'year': 2023, 'company_name': 'Radius Agent'}, {'year': 2022, 'company_name': 'Radius Agent'}]",92,"['Shop Circle', 'Shop Circle', 'Shop Circle', 'Tomo', 'Tomo']",True,General Partner at NFX,Passionate about technically minded founders that have strong intuition about markets & customers. AI and crazy ideas. Clarity around go to market and distribution are particularly important to me as a former head of growth.,"['SMB Software', 'Payments', 'Insurance', 'Real Estate/PropTech', 'AI', 'Investors who were founders', 'Investors who invested in female founders', 'Investors who invested in diverse founders', 'FinTech', 'New York City', 'Marketplaces', 'SaaS', 'San Francisco Bay Area', 'Future of Work', 'London', 'Generative Tech/AI']",nfx_signal,0.9,2025-12-09T14:40:03.776793+00:00,2025-12-10T07:46:41.487923+00:00
5,Gokul Rajaram,individual,,San Francisco Bay Area,Advertising,"['Advertising', 'AI', 'ClimateTech/CleanTech', 'Cloud Infrastructure', 'E-commerce', 'Media/Content', 'Consumer Internet', 'Enterprise', 'FinTech', 'Health IT', 'San Francisco Bay Area', 'Angel, Scout, and Solo-Capitalists']","['Series B', 'Series A', 'Seed', 'Other Lists', 'Pre-seed', 'Series C']",https://doordash.com/,https://signal.nfx.com/investors/gokul-rajaram,https://www.linkedin.com/in/gokulrajaram1/,http://www.twitter.com/gokulr,"[{'year': 2025, 'company_name': 'alphaXiv'}, {'year': 2025, 'company_name': 'August'}, {'year': 2025, 'company_name': 'Knit'}, {'year': 2025, 'company_name': 'Julius AI'}, {'year': 2025, 'company_name': 'Rocksalt'}, {'year': 2024, 'company_name': 'Rocksalt'}, {'year': 2025, 'company_name': 'Hyper'}, {'year': 2025, 'company_name': 'Niural'}, {'year': 2025, 'company_name': 'Delphi'}]",234,"['Niural', 'Knit', 'Delphi', 'Julius AI', 'alphaXiv']",True,Product and Business Helper at Doordash,,"['Advertising', 'AI', 'ClimateTech/CleanTech', 'Cloud Infrastructure', 'E-commerce', 'Media/Content', 'Consumer Internet', 'Enterprise', 'FinTech', 'Health IT', 'San Francisco Bay Area', 'Angel, Scout, and Solo-Capitalists']",nfx_signal,0.9,2025-12-10T06:25:38.609257+00:00,2025-12-10T06:25:38.609257+00:00
6,Mike Brown Jr,firm,Bowery Capital,New York,New York City,"['New York City', 'Advertising', 'Analytics', 'Enterprise Applications', 'SaaS', 'Supply Chain Tech']","['Other Lists', 'Pre-seed', 'Post-seed']",https://bowerycap.com/team/michael-brown,https://signal.nfx.com/investors/mike-brown-jr,https://www.linkedin.com/in/browmich/,,"[{'year': 2025, 'company_name': 'Pantomath'}, {'year': 2023, 'company_name': 'Pantomath'}, {'year': 2022, 'company_name': 'Pantomath'}, {'year': 2024, 'company_name': 'Singulate'}, {'year': 2023, 'company_name': 'Cerby'}, {'year': 2020, 'company_name': 'Cerby'}, {'year': 2023, 'company_name': 'Obie'}, {'year': 2022, 'company_name': 'Castiron'}, {'year': 2021, 'company_name': 'Inpher.io'}, {'year': 2021, 'company_name': 'Inpher.io'}, {'year': 2018, 'company_name': 'Inpher.io'}, {'year': 2016, 'company_name': 'Inpher.io'}, {'year': 2020, 'company_name': 'ActionIQ'}, {'year': 2017, 'company_name': 'ActionIQ'}, {'year': 2014, 'company_name': 'ActionIQ'}, {'year': 2019, 'company_name': 'VNDLY'}, {'year': 2019, 'company_name': 'VNDLY'}, {'year': 2017, 'company_name': 'VNDLY'}]",52,"['VNDLY', 'ActionIQ', 'Pantomath', 'Obie', 'Cerby']",True,General Partner at Bowery Capital,,"['New York City', 'Advertising', 'Analytics', 'Enterprise Applications', 'SaaS', 'Supply Chain Tech']",nfx_signal,0.9,2025-12-10T06:26:57.162618+00:00,2025-12-10T06:26:57.162618+00:00
7,Nihal Mehta,firm,ENIAC Ventures,"New York, New York",Advertising,"['Advertising', 'Social Commerce', 'Media/Content', 'Education', 'Data Services', 'E-commerce', 'AI', 'Consumer Internet', 'New York City', 'SaaS', 'Angel, Scout, and Solo-Capitalists']","['Series A', 'Seed', 'Other Lists', 'Pre-seed']",https://eniac.vc/team,https://signal.nfx.com/investors/nihal-mehta,https://www.linkedin.com/in/nihalmehta/,http://www.twitter.com/nihalmehta,"[{'year': 2025, 'company_name': 'Evertune'}, {'year': 2024, 'company_name': 'Evertune'}, {'year': 2025, 'company_name': 'Catio'}, {'year': 2023, 'company_name': 'Catio'}, {'year': 2024, 'company_name': 'Buildstock'}, {'year': 2024, 'company_name': 'Ohai.ai'}, {'year': 2024, 'company_name': 'Briq'}, {'year': 2021, 'company_name': 'Briq'}, {'year': 2020, 'company_name': 'Briq'}, {'year': 2019, 'company_name': 'Briq'}, {'year': 2019, 'company_name': 'Briq'}, {'year': 2023, 'company_name': 'Fabi.ai'}, {'year': 2023, 'company_name': '1upHealth'}, {'year': 2021, 'company_name': '1upHealth'}, {'year': 2020, 'company_name': '1upHealth'}, {'year': 2019, 'company_name': '1upHealth'}, {'year': 2023, 'company_name': 'Approximate Labs'}]",164,"['1upHealth', 'Briq', '1upHealth', 'Evertune', 'Briq']",True,Founding General Partner at Eniac Ventures,,"['Advertising', 'Social Commerce', 'Media/Content', 'Education', 'Data Services', 'E-commerce', 'AI', 'Consumer Internet', 'New York City', 'SaaS', 'Angel, Scout, and Solo-Capitalists']",nfx_signal,0.9,2025-12-10T06:29:38.425653+00:00,2025-12-10T06:29:38.425653+00:00
8,Adam Draper,firm,Boost VC,Atherton,Fashion,"['Fashion', 'Games', 'Advertising', 'Retail', 'Gaming/eSports', 'Food and Beverage', 'BioTech', 'E-commerce', 'Consumer Internet', 'San Francisco Bay Area', 'Marketplaces', 'Angel, Scout, and Solo-Capitalists']","['Seed', 'Other Lists', 'Pre-seed']",https://boost.vc/team,https://signal.nfx.com/investors/adam-draper,https://www.linkedin.com/in/adraper/,http://www.twitter.com/adamdraper,"[{'year': 2025, 'company_name': 'ego AI'}, {'year': 2025, 'company_name': 'Neurvona'}, {'year': 2025, 'company_name': 'm00m world'}, {'year': 2024, 'company_name': 'Radiant'}, {'year': 2020, 'company_name': 'Radiant'}, {'year': 2024, 'company_name': 'Mycosoft'}, {'year': 2024, 'company_name': 'forml'}, {'year': 2024, 'company_name': 'HOPE Hydration'}, {'year': 2023, 'company_name': 'Candlestick.io'}]",34,"['Radiant', 'ego AI', 'HOPE Hydration', 'Radiant', 'Candlestick.io']",True,Founder and Managing Director of the Boost VC Accelerator,,"['Fashion', 'Games', 'Advertising', 'Retail', 'Gaming/eSports', 'Food and Beverage', 'BioTech', 'E-commerce', 'Consumer Internet', 'San Francisco Bay Area', 'Marketplaces', 'Angel, Scout, and Solo-Capitalists']",nfx_signal,0.9,2025-12-10T06:30:33.385151+00:00,2025-12-10T06:30:33.385151+00:00
36,Matthew Mulvey,firm,Liquid 2 Ventures,"San Francisco, California",Retail,"['Retail', 'AgTech', 'Logistics', 'Manufacturing', 'Health IT', 'Health & Hospital Services', 'San Francisco Bay Area']","['Seed', 'Other Lists', 'Pre-seed']",https://liquid2.vc/,https://signal.nfx.com/investors/matthew-mulvey,https://www.linkedin.com/in/mattmulvey/,https://www.twitter.com/mattmulvey17?lang=en,"[{'year': 2025, 'company_name': 'Freckle'}, {'year': 2025, 'company_name': 'Paraform'}, {'year': 2024, 'company_name': 'Handle'}, {'year': 2021, 'company_name': 'Hosta Labs'}, {'year': 2021, 'company_name': 'Hosta a.i.'}, {'year': 2021, 'company_name': 'Chord'}, {'year': 2020, 'company_name': 'Jitsu'}]",7,"['Paraform', 'Jitsu', 'Chord', 'Hosta Labs', 'Hosta a.i.']",True,Partner at Liquid 2 Ventures,,"['Retail', 'AgTech', 'Logistics', 'Manufacturing', 'Health IT', 'Health & Hospital Services', 'San Francisco Bay Area']",nfx_signal,0.9,2025-12-10T07:17:33.181216+00:00,2025-12-10T07:17:33.181216+00:00
10,Joe Hurd,firm,"The Katama Group, LC","Los Altos, California",Local Services,"['Local Services', 'Messaging', 'Advertising', 'Payments', 'Media/Content', 'Social Networks', 'Consumer Health', 'E-commerce', 'Consumer Internet', 'San Francisco Bay Area']","['Seed', 'Other Lists', 'Pre-seed', 'Post-seed']",https://www.katamagroup.com,https://signal.nfx.com/investors/joe-hurd,https://www.linkedin.com/in/joehurd/,https://twitter.com/hurd3rd,"[{'year': 2015, 'company_name': 'Antengo'}]",1,['Antengo'],False,"Operating Partner @SOSV, Director @GoCompare, Wants to Join Another Board","Fintech
Insurtech
US businesses scaling in Asia/EU
Asia/EU businesses looking to scale in the US","['Local Services', 'Messaging', 'Advertising', 'Payments', 'Media/Content', 'Social Networks', 'Consumer Health', 'E-commerce', 'Consumer Internet', 'San Francisco Bay Area']",nfx_signal,0.9,2025-12-10T06:39:27.663731+00:00,2025-12-10T06:39:27.663731+00:00
11,Maarten Hooft,firm,Quest Venture Partners,"Palo Alto, California",Advertising,"['Advertising', 'Security', 'E-commerce', 'Media/Content', 'Social Networks', 'Enterprise', 'Marketplaces', 'Seattle / Portland', 'SaaS', 'Los Angeles / Southern California', 'New York City', 'San Francisco Bay Area', 'Washington, D.C.']","['Series B', 'Series A', 'Seed', 'Other Lists', 'Pre-seed', 'Post-seed']",https://www.questvp.com/team/,https://signal.nfx.com/investors/maarten-hooft,https://www.linkedin.com/in/mthooft/,http://twitter.com/mthooft,"[{'year': 2015, 'company_name': 'AreaMetrics'}, {'year': 2013, 'company_name': 'App.io'}]",2,"['AreaMetrics', 'App.io']",False,,I like for teams that I can work with and help out. I like businesses where there is a thesis that broadly makes sense. Save the financial projections for Series B.,"['Advertising', 'Security', 'E-commerce', 'Media/Content', 'Social Networks', 'Enterprise', 'Marketplaces', 'Seattle / Portland', 'SaaS', 'Los Angeles / Southern California', 'New York City', 'San Francisco Bay Area', 'Washington, D.C.']",nfx_signal,0.9,2025-12-10T06:40:32.162133+00:00,2025-12-10T06:40:32.162133+00:00
12,Seth Berman,firm,Susa Ventures,"San Francisco, California",Games,"['Games', 'Social Commerce', 'Advertising', 'Hardware', 'Media/Content', 'Cloud Infrastructure', 'AI', 'E-commerce', 'Los Angeles / Southern California', 'Marketplaces', 'SaaS', 'San Francisco Bay Area']","['Seed', 'Other Lists', 'Pre-seed']",https://susaventures.com/,https://signal.nfx.com/investors/seth-berman,https://www.linkedin.com/in/sethgberman/,https://www.twitter.com/sethgb?lang=en,"[{'year': 2025, 'company_name': 'HOPPR'}, {'year': 2022, 'company_name': 'Pulley'}, {'year': 2022, 'company_name': 'Viz'}, {'year': 2021, 'company_name': 'Viz'}, {'year': 2016, 'company_name': 'Viz'}, {'year': 2021, 'company_name': 'Human Interest'}, {'year': 2016, 'company_name': 'Human Interest'}, {'year': 2021, 'company_name': 'Okra'}, {'year': 2021, 'company_name': 'CrowdAI'}, {'year': 2017, 'company_name': 'CrowdAI'}, {'year': 2020, 'company_name': 'MycoWorks'}, {'year': 2018, 'company_name': 'MycoWorks'}, {'year': 2019, 'company_name': 'Tortuga AgTech'}, {'year': 2017, 'company_name': 'Tortuga AgTech'}]",30,"['Human Interest', 'Viz', 'Viz', 'HOPPR', 'MycoWorks']",True,General Partner at Susa Ventures,,"['Games', 'Social Commerce', 'Advertising', 'Hardware', 'Media/Content', 'Cloud Infrastructure', 'AI', 'E-commerce', 'Los Angeles / Southern California', 'Marketplaces', 'SaaS', 'San Francisco Bay Area']",nfx_signal,0.9,2025-12-10T06:42:34.407417+00:00,2025-12-10T06:42:34.407417+00:00
13,Andrea Zurek,firm,XG Ventures,"Menlo Park, California",Local Services,"['Local Services', 'Advertising', 'Games', 'Analytics', 'Payments', 'Cloud Infrastructure', 'Social Networks', 'E-commerce', 'Enterprise', 'San Francisco Bay Area', 'SaaS']","['Seed', 'Series A', 'Other Lists', 'Pre-seed']",https://www.xg-ventures.com/,https://signal.nfx.com/investors/andrea-zurek,https://www.linkedin.com/pub/andrea-zurek/0/185/73/,,"[{'year': 2016, 'company_name': 'Keen'}, {'year': 2016, 'company_name': 'Poplar Homes'}, {'year': 2013, 'company_name': 'OLSET'}, {'year': 2013, 'company_name': 'Pogoseat'}]",4,"['Keen', 'Poplar Homes', 'Pogoseat', 'OLSET']",False,,"XG Ventures� is focused primarily on the consumer internet, including the mobile, video, gaming, social media, and online media sectors.","['Local Services', 'Advertising', 'Games', 'Analytics', 'Payments', 'Cloud Infrastructure', 'Social Networks', 'E-commerce', 'Enterprise', 'San Francisco Bay Area', 'SaaS']",nfx_signal,0.9,2025-12-10T06:44:37.415334+00:00,2025-12-10T06:44:37.415334+00:00
14,Ajay Chopra,firm,Trinity Ventures,,Local Services,"['Local Services', 'Advertising', 'Security', 'Media/Content', 'Social Networks', 'E-commerce', 'Consumer Internet', 'FinTech', 'San Francisco Bay Area']","['Seed', 'Other Lists', 'Pre-seed']",,https://signal.nfx.com/investors/ajay-chopra,https://www.linkedin.com/in/ajaychopra/,http://twitter.com/AjayCHopra,"[{'year': 2021, 'company_name': 'Arize AI'}, {'year': 2020, 'company_name': 'Arize AI'}, {'year': 2021, 'company_name': 'Harmonize'}, {'year': 2019, 'company_name': 'Harmonize'}, {'year': 2020, 'company_name': 'Bulletproof'}, {'year': 2018, 'company_name': 'Bulletproof'}, {'year': 2017, 'company_name': 'Bulletproof'}, {'year': 2020, 'company_name': 'Zero Longevity Science'}, {'year': 2019, 'company_name': 'Zero Longevity Science'}, {'year': 2018, 'company_name': 'Zero Longevity Science'}, {'year': 2018, 'company_name': 'Grin Scooters'}, {'year': 2018, 'company_name': 'Holberton School'}, {'year': 2018, 'company_name': 'Dynamic Signal'}, {'year': 2016, 'company_name': 'Dynamic Signal'}, {'year': 2015, 'company_name': 'Dynamic Signal'}, {'year': 2012, 'company_name': 'Dynamic Signal'}, {'year': 2011, 'company_name': 'Dynamic Signal'}, {'year': 2017, 'company_name': 'Gobble'}, {'year': 2015, 'company_name': 'Gobble'}]",20,"['Bulletproof', 'Dynamic Signal', 'Dynamic Signal', 'Dynamic Signal', 'Grin Scooters']",False,,,"['Local Services', 'Advertising', 'Security', 'Media/Content', 'Social Networks', 'E-commerce', 'Consumer Internet', 'FinTech', 'San Francisco Bay Area']",nfx_signal,0.9,2025-12-10T06:45:40.68763+00:00,2025-12-10T06:45:40.68763+00:00
15,Dmitry Firskin,firm,Altair Capital Management,"San Francisco, California",Advertising,"['Advertising', 'Web3/Blockchain', 'Israel', 'San Francisco Bay Area', 'Boston / New England']","['Series A', 'Seed', 'Other Lists', 'Pre-seed', 'Post-seed']",https://altair.vc,https://signal.nfx.com/investors/dmitry-firskin,https://www.linkedin.com/in/dmfirs/,https://www.twitter.com/Dm_Firs,[],0,[],False,Chief Investment Officer at AltaIR Capital Management,,"['Advertising', 'Web3/Blockchain', 'Israel', 'San Francisco Bay Area', 'Boston / New England']",nfx_signal,0.9,2025-12-10T06:49:08.190294+00:00,2025-12-10T06:49:08.190294+00:00
16,David Beisel,firm,NextView Ventures,"New York, New York",Social Commerce,"['Social Commerce', 'Advertising', 'SMB Software', 'Entertainment & Sports', 'Real Estate/PropTech', 'Media/Content', 'Social Networks', 'E-commerce', 'New York City', 'Marketplaces', 'Boston / New England', 'Generative Tech/AI']","['Seed', 'Other Lists', 'Pre-seed', 'Post-seed']",https://nextviewventures.com/,https://signal.nfx.com/investors/david-beisel,https://www.linkedin.com/in/davidbeisel/,http://twitter.com/davidbeisel,"[{'year': 2025, 'company_name': 'Poly'}, {'year': 2022, 'company_name': 'Poly'}, {'year': 2025, 'company_name': 'Evertune'}, {'year': 2024, 'company_name': 'Evertune'}, {'year': 2024, 'company_name': 'Tristar AI'}, {'year': 2023, 'company_name': 'Tristar AI'}, {'year': 2024, 'company_name': 'Schematic'}, {'year': 2024, 'company_name': 'Carewell'}, {'year': 2021, 'company_name': 'Carewell'}, {'year': 2020, 'company_name': 'Carewell'}, {'year': 2024, 'company_name': 'Anagram'}, {'year': 2023, 'company_name': 'Sincera'}, {'year': 2022, 'company_name': 'Spaceport Technologies'}]",33,"['Carewell', 'Carewell', 'Evertune', 'Poly', 'Poly']",True,Co-Founder & Partner at NextView Ventures,"NextView Ventures is focused on entrepreneurs redesigning the Everyday Economy.  We're interested in technology-enabled services which have the potential to be either ubiquitous or habitual for end-users.  We primarily invest in both consumer and b2b services which fall into the largest markets of consumer spending: food, home, apparel, transportation, entertainment, health, and work & money.  See http://nextviewventures.com/approach/","['Social Commerce', 'Advertising', 'SMB Software', 'Entertainment & Sports', 'Real Estate/PropTech', 'Media/Content', 'Social Networks', 'E-commerce', 'New York City', 'Marketplaces', 'Boston / New England', 'Generative Tech/AI']",nfx_signal,0.9,2025-12-10T06:50:08.453341+00:00,2025-12-10T06:50:08.453341+00:00
17,Arjun Sethi,firm,Tribe Capital,"San Francisco, California",Advertising,"['Advertising', 'Analytics', 'Social Commerce', 'Hardware', 'AI', 'Payments', 'Cloud Infrastructure', 'Social Networks', 'Enterprise', 'Investors who were founders', 'San Francisco Bay Area', 'Angel, Scout, and Solo-Capitalists']","['Series B', 'Series A', 'Seed', 'Other Lists', 'Pre-seed', 'Series D', 'Series C']",https://arjset.com,https://signal.nfx.com/investors/arjun-sethi,https://www.linkedin.com/in/asethi/,https://www.twitter.com/arjunsethi,"[{'year': 2025, 'company_name': 'ego AI'}, {'year': 2025, 'company_name': 'Kraken'}, {'year': 2021, 'company_name': 'Kraken'}, {'year': 2014, 'company_name': 'Kraken'}, {'year': 2025, 'company_name': 'Circuit & Chisel'}, {'year': 2025, 'company_name': 'Kapital'}, {'year': 2023, 'company_name': 'Kapital'}, {'year': 2023, 'company_name': 'Kapital'}, {'year': 2022, 'company_name': 'Kapital'}, {'year': 2025, 'company_name': 'Keep'}, {'year': 2025, 'company_name': 'Ashvattha Therapeutics'}, {'year': 2022, 'company_name': 'Ashvattha Therapeutics'}, {'year': 2020, 'company_name': 'Ashvattha Therapeutics'}, {'year': 2019, 'company_name': 'Ashvattha Therapeutics'}, {'year': 2024, 'company_name': 'Foundation Future Industries'}, {'year': 2024, 'company_name': 'Slingshot AI'}]",142,"['Kraken', 'Kapital', 'Ashvattha Therapeutics', 'Ashvattha Therapeutics', 'Kapital']",True,Co-Founder at Tribe Capital,Agnostic. Always open to new ideas.,"['Advertising', 'Analytics', 'Social Commerce', 'Hardware', 'AI', 'Payments', 'Cloud Infrastructure', 'Social Networks', 'Enterprise', 'Investors who were founders', 'San Francisco Bay Area', 'Angel, Scout, and Solo-Capitalists']",nfx_signal,0.9,2025-12-10T06:52:12.375892+00:00,2025-12-10T06:52:12.375892+00:00
18,Jay Levy,firm,Zelkova Ventures,"Miami, Florida",Advertising,"['Advertising', 'Messaging', 'SMB Software', 'Payments', 'Developer Tools', 'Cloud Infrastructure', 'Data Services', 'Investors who were founders', 'Investors who invested in female founders', 'Investors who invested in diverse founders', 'Los Angeles / Southern California', 'Enterprise', 'New York City', 'SaaS', 'San Francisco Bay Area', 'Future of Work', 'Colorado / Utah', 'Austin', 'Raleigh-Durham / Southeast US', 'Boston / New England']","['Series A', 'Seed', 'Other Lists', 'Pre-seed', 'Post-seed']",Http://www.Zelkovavc.com,https://signal.nfx.com/investors/jay-levy,https://www.linkedin.com/in/jaylevy/,http://twitter.com/ZelkovaVC,"[{'year': 2020, 'company_name': 'MarketMuse'}, {'year': 2015, 'company_name': 'Confirm.io'}, {'year': 2014, 'company_name': 'Superhuman'}, {'year': 2012, 'company_name': 'BlackJet'}, {'year': 2011, 'company_name': 'Fab'}, {'year': 2010, 'company_name': 'Fab'}, {'year': 2011, 'company_name': 'Green Goose'}, {'year': 2011, 'company_name': 'The Shared Web'}, {'year': None, 'company_name': 'Crimson Hexagon'}]",9,"['Fab', 'MarketMuse', 'Confirm.io', 'BlackJet', 'Fab']",False,Early Stage SaaS VC,"We invest in early stage B2B SaaS.  Areas we focus on include Marketing, Communications, Security, FinTech, Customer Service.","['Advertising', 'Messaging', 'SMB Software', 'Payments', 'Developer Tools', 'Cloud Infrastructure', 'Data Services', 'Investors who were founders', 'Investors who invested in female founders', 'Investors who invested in diverse founders', 'Los Angeles / Southern California', 'Enterprise', 'New York City', 'SaaS', 'San Francisco Bay Area', 'Future of Work', 'Colorado / Utah', 'Austin', 'Raleigh-Durham / Southeast US', 'Boston / New England']",nfx_signal,0.9,2025-12-10T06:53:10.713713+00:00,2025-12-10T06:53:10.713713+00:00
20,Rob Hayes,firm,First Round Capital,"Philadelphia, Pennsylvania",Advertising,"['Advertising', 'Hardware', 'Food and Beverage', 'Social Networks', 'Cloud Infrastructure', 'FinTech', 'New York City', 'Enterprise', 'San Francisco Bay Area']","['Seed', 'Other Lists', 'Pre-seed']",https://firstround.com/person/rob-hayes/#mystory,https://signal.nfx.com/investors/rob-hayes,https://www.linkedin.com/in/robhayes/,http://www.twitter.com/robhayes,"[{'year': 2025, 'company_name': 'Scorbit'}, {'year': 2025, 'company_name': 'Barndoor AI'}, {'year': 2023, 'company_name': 'ShareWell'}, {'year': 2022, 'company_name': 'Mad Realities'}, {'year': 2021, 'company_name': 'Ark Biotech'}, {'year': 2021, 'company_name': 'Solo Technologies'}, {'year': 2021, 'company_name': 'Happs'}, {'year': 2019, 'company_name': 'Happs'}, {'year': 2021, 'company_name': 'Kinema'}]",26,"['Barndoor AI', 'Mad Realities', 'Scorbit', 'Solo Technologies', 'Happs']",True,Partner at First Round Capital,,"['Advertising', 'Hardware', 'Food and Beverage', 'Social Networks', 'Cloud Infrastructure', 'FinTech', 'New York City', 'Enterprise', 'San Francisco Bay Area']",nfx_signal,0.9,2025-12-10T06:56:01.935073+00:00,2025-12-10T06:56:01.935073+00:00
21,Eva Ho,firm,Fika Ventures,"Los Angeles, California",Advertising,"['Advertising', 'Social Networks', 'AI', 'Seattle / Portland', 'Diverse Investors', 'Female Investors', 'Investors who invested in female founders', 'Los Angeles / Southern California', 'New York City', 'Marketplaces', 'SaaS', 'San Francisco Bay Area', 'Austin', 'Midwest', 'Boston / New England']","['Seed', 'Other Lists', 'Pre-seed', 'Post-seed']",https://www.fika.vc,https://signal.nfx.com/investors/eva-ho,https://www.linkedin.com/in/evaho1/,http://twitter.com/eva_ho,"[{'year': 2024, 'company_name': 'Upwards'}, {'year': 2018, 'company_name': 'Upwards'}, {'year': 2017, 'company_name': 'Upwards'}, {'year': 2024, 'company_name': 'Reken'}, {'year': 2022, 'company_name': 'Together by Renee'}, {'year': 2021, 'company_name': 'Elementary'}, {'year': 2020, 'company_name': 'Elementary'}, {'year': 2018, 'company_name': 'Elementary'}, {'year': 2020, 'company_name': 'BackboneAI'}, {'year': 2018, 'company_name': 'WeeCare'}, {'year': 2015, 'company_name': 'Turvo'}]",7,"['Elementary', 'Upwards', 'Elementary', 'Reken', 'Turvo']",True,General Partner at Fika Ventures,,"['Advertising', 'Social Networks', 'AI', 'Seattle / Portland', 'Diverse Investors', 'Female Investors', 'Investors who invested in female founders', 'Los Angeles / Southern California', 'New York City', 'Marketplaces', 'SaaS', 'San Francisco Bay Area', 'Austin', 'Midwest', 'Boston / New England']",nfx_signal,0.9,2025-12-10T06:57:00.815852+00:00,2025-12-10T06:57:00.815852+00:00
22,Dylan Boyd,firm,R/GA Ventures,"Portland, Oregon",Advertising,"['Advertising', 'AR/VR', 'Web3/Blockchain', 'Retail', 'Hardware', 'MarketingTech', 'Gaming/eSports', 'Entertainment & Sports', 'E-commerce', 'Seattle / Portland', 'Los Angeles / Southern California', 'New York City', 'San Francisco Bay Area', 'London']","['Series B', 'Series A', 'Seed', 'Other Lists', 'Pre-seed', 'Post-seed']",https://ventures.rga.com/,https://signal.nfx.com/investors/dylan-boyd,https://www.linkedin.com/in/dtboyd/,,[],0,[],False,,Sports Tech � Marketing Tech � Connected Commerce � IoT � Hospitality � Digital Media - Blockchain (non crypto/fintech),"['Advertising', 'AR/VR', 'Web3/Blockchain', 'Retail', 'Hardware', 'MarketingTech', 'Gaming/eSports', 'Entertainment & Sports', 'E-commerce', 'Seattle / Portland', 'Los Angeles / Southern California', 'New York City', 'San Francisco Bay Area', 'London']",nfx_signal,0.9,2025-12-10T06:58:17.451727+00:00,2025-12-10T06:58:17.451727+00:00
23,Zach Bratun-Glennon,firm,Gradient Ventures,"San Francisco, California",Advertising,"['Advertising', 'Payments', 'Insurance', 'Cloud Infrastructure', 'E-commerce', 'AI', 'Marketplaces', 'Investors who were founders', 'Investors who invested in female founders', 'Investors who invested in diverse founders', 'Enterprise', 'Consumer Internet', 'San Francisco Bay Area', 'Angel, Scout, and Solo-Capitalists', 'SaaS']","['Series A', 'Seed', 'Other Lists', 'Pre-seed']",https://gradient.com/profile/zach-bratun-glennon,https://signal.nfx.com/investors/zach-bratun-glennon,https://www.linkedin.com/in/zachary-bratun-glennon-b4a16026/,,"[{'year': 2025, 'company_name': 'BackOps AI'}, {'year': 2024, 'company_name': 'BackOps AI'}, {'year': 2025, 'company_name': 'Toku'}, {'year': 2024, 'company_name': 'Toku'}, {'year': 2025, 'company_name': 'Springtail'}, {'year': 2025, 'company_name': 'Venn (formerly Vault)'}, {'year': 2023, 'company_name': 'Venn (formerly Vault)'}, {'year': 2024, 'company_name': 'Outgo Inc'}, {'year': 2024, 'company_name': 'Roe AI'}, {'year': 2024, 'company_name': 'Rad AI'}, {'year': 2021, 'company_name': 'Rad AI'}, {'year': 2018, 'company_name': 'Rad AI'}, {'year': 2023, 'company_name': 'Redactable'}]",31,"['Rad AI', 'Toku', 'Rad AI', 'Venn (formerly Vault)', 'Outgo Inc']",True,Angel Investor; VC; Data Guy,,"['Advertising', 'Payments', 'Insurance', 'Cloud Infrastructure', 'E-commerce', 'AI', 'Marketplaces', 'Investors who were founders', 'Investors who invested in female founders', 'Investors who invested in diverse founders', 'Enterprise', 'Consumer Internet', 'San Francisco Bay Area', 'Angel, Scout, and Solo-Capitalists', 'SaaS']",nfx_signal,0.9,2025-12-10T07:00:41.335431+00:00,2025-12-10T07:00:41.335431+00:00
25,Seth Bannon,firm,Fifty Years,"San Francisco, California",Impact,"['Impact', 'AgTech', 'Food and Beverage', 'ClimateTech/CleanTech', 'BioTech', 'Chemicals', 'Space', 'Investors who were founders', 'Investors who invested in female founders', 'Investors who invested in diverse founders', 'Health IT', 'San Francisco Bay Area', 'Diagnostics', 'DeepTech']","['Seed', 'Other Lists', 'Pre-seed']",https://sethbannon.com/,https://signal.nfx.com/investors/seth-bannon,https://www.linkedin.com/in/sethbannon/,http://www.twitter.com/sethbannon,"[{'year': 2025, 'company_name': 'Gridware'}, {'year': 2023, 'company_name': 'Gridware'}, {'year': 2025, 'company_name': 'Blueprint'}, {'year': 2023, 'company_name': 'Tangible'}, {'year': 2022, 'company_name': 'Farcast'}, {'year': 2020, 'company_name': 'Farcast'}, {'year': 2019, 'company_name': 'Farcast'}, {'year': 2021, 'company_name': 'Valence Discovery'}, {'year': 2021, 'company_name': 'Flux'}, {'year': 2019, 'company_name': 'Solugen'}, {'year': 2017, 'company_name': 'Solugen'}, {'year': 2017, 'company_name': 'Advano'}]",9,"['Blueprint', 'Gridware', 'Solugen', 'Flux', 'Gridware']",True,Founding Partner at Fifty Years,,"['Impact', 'AgTech', 'Food and Beverage', 'ClimateTech/CleanTech', 'BioTech', 'Chemicals', 'Space', 'Investors who were founders', 'Investors who invested in female founders', 'Investors who invested in diverse founders', 'Health IT', 'San Francisco Bay Area', 'Diagnostics', 'DeepTech']",nfx_signal,0.9,2025-12-10T07:05:16.098692+00:00,2025-12-10T07:05:16.098692+00:00
27,Harsh Patel,firm,Wireframe Ventures,"San Francisco, California",Robotics,"['Robotics', 'AgTech', 'TransportationTech', 'Data Services', 'BioTech', 'Investors who were founders', 'Investors who invested in female founders', 'Investors who invested in diverse founders', 'Health IT', 'Marketplaces', 'SaaS', 'San Francisco Bay Area', 'Future of Work']","['Seed', 'Other Lists', 'Pre-seed']",https://wireframevc.com/,https://signal.nfx.com/investors/harsh-patel,https://www.linkedin.com/in/harshcv/,https://www.twitter.com/harsh1,[],0,[],False,Managing Partner & Co-Founder at Wireframe Ventures,"We look for founders using advanced technology or unique market insight to attack high impact problems in the real world, across themes like human health, climate & sustainability, manufacturing and food & agriculture. Our investments include Full Harvest, Mammoth Biosciences, Misty Robotics, Renew Financial, Palantir and Assurex Health.","['Robotics', 'AgTech', 'TransportationTech', 'Data Services', 'BioTech', 'Investors who were founders', 'Investors who invested in female founders', 'Investors who invested in diverse founders', 'Health IT', 'Marketplaces', 'SaaS', 'San Francisco Bay Area', 'Future of Work']",nfx_signal,0.9,2025-12-10T07:07:14.646606+00:00,2025-12-10T07:07:14.646606+00:00
28,Brian Frank,firm,FTW Ventures,"San Francisco, California",Hardware,"['Hardware', 'Robotics', 'AgTech', 'TransportationTech', 'ClimateTech/CleanTech', 'BioTech', 'Enterprise Applications', 'San Francisco Bay Area', 'Canada', 'Material Science', 'Food and Beverage', 'Supply Chain Tech', 'Investors who invested in diverse founders', 'Investors who invested in female founders', 'Investors who were founders']","['Seed', 'Pre-seed', 'Other Lists']",https://ftw.vc,https://signal.nfx.com/investors/brian-frank,https://www.linkedin.com/in/bfrank/,http://twitter.com/bfrank,"[{'year': 2025, 'company_name': 'Heritable Agriculture'}, {'year': 2021, 'company_name': 'Nfinite Nanotech'}, {'year': 2021, 'company_name': 'Phytoform Labs'}, {'year': 2020, 'company_name': 'Debut Biotechnology'}, {'year': 2019, 'company_name': 'Galley Solutions'}, {'year': 2018, 'company_name': 'Galley Solutions'}, {'year': 2018, 'company_name': 'Plantible'}, {'year': 2016, 'company_name': 'Spoiler Alert'}, {'year': 2016, 'company_name': 'Geltor'}]",11,"['Geltor', 'Nfinite Nanotech', 'Galley Solutions', 'Phytoform Labs', 'Heritable Agriculture']",True,Early-Stage investor in Science & Technology for a more sustainable Food System,"FTW Ventures invests in innovations for the Food System, including Ag, Food, Consumer & Heath Tech.

We look for great teams doing something revolutionary.","['Hardware', 'Robotics', 'AgTech', 'TransportationTech', 'ClimateTech/CleanTech', 'BioTech', 'Enterprise Applications', 'San Francisco Bay Area', 'Canada', 'Material Science', 'Food and Beverage', 'Supply Chain Tech', 'Investors who invested in diverse founders', 'Investors who invested in female founders', 'Investors who were founders']",nfx_signal,0.9,2025-12-10T07:08:25.637369+00:00,2025-12-10T07:08:25.637369+00:00
29,Ryan Gembala,firm,Pathbreaker Ventures,"San Francisco, California",AR/VR,"['AR/VR', 'Hardware', 'Robotics', 'AgTech', 'Food and Beverage', 'Data Services', 'AI', 'Space', 'Seattle / Portland', 'Investors who were founders', 'Investors who invested in female founders', 'Investors who invested in diverse founders', 'Los Angeles / Southern California', 'Enterprise', 'New York City', 'San Francisco Bay Area', 'Austin', 'Midwest', 'Raleigh-Durham / Southeast US', 'Boston / New England']","['Seed', 'Other Lists', 'Pre-seed', 'Post-seed']",https://www.pathbreakervc.com/companies,https://signal.nfx.com/investors/ryan-gembala,https://www.linkedin.com/in/ryangembala/,https://www.twitter.com/ryangembala,"[{'year': 2018, 'company_name': 'Spiketrap'}, {'year': 2017, 'company_name': 'Safely You'}, {'year': 2016, 'company_name': 'Iron Ox'}, {'year': 2016, 'company_name': 'Simbe Robotics'}, {'year': 2015, 'company_name': 'Mux'}]",5,"['Iron Ox', 'Simbe Robotics', 'Spiketrap', 'Safely You', 'Mux']",False,"Pre-Seed & Seed, Deep Tech or Deep People","--- Robotics 
--- Applied AI / Machine Learning
--- Food technologies
--- Hyper-differentiated products

Pathbreaker invests in specialized teams solving hard technical problems in pursuit of generational impact.","['AR/VR', 'Hardware', 'Robotics', 'AgTech', 'Food and Beverage', 'Data Services', 'AI', 'Space', 'Seattle / Portland', 'Investors who were founders', 'Investors who invested in female founders', 'Investors who invested in diverse founders', 'Los Angeles / Southern California', 'Enterprise', 'New York City', 'San Francisco Bay Area', 'Austin', 'Midwest', 'Raleigh-Durham / Southeast US', 'Boston / New England']",nfx_signal,0.9,2025-12-10T07:09:06.832852+00:00,2025-12-10T07:09:06.832852+00:00
30,Jacob Shea,firm,Structure Capital,"San Francisco, California",AgTech,"['AgTech', 'Analytics', 'Real Estate/PropTech', 'Consumer Health', 'E-commerce', 'BioTech', 'Marketplaces', 'Diverse Investors', 'Investors who were founders', 'Investors who invested in female founders', 'Investors who invested in diverse founders', 'Los Angeles / Southern California', 'Consumer Internet', 'New York City', 'SaaS', 'San Francisco Bay Area', 'Austin', 'Digital Health']","['Series A', 'Seed', 'Other Lists', 'Pre-seed']",https://structure.vc/,https://signal.nfx.com/investors/jacob-shea,https://www.linkedin.com/in/jacobshea/,https://twitter.com/jacobshea,"[{'year': 2022, 'company_name': 'Biofire'}, {'year': 2019, 'company_name': 'Copia'}, {'year': 2016, 'company_name': 'Copia'}, {'year': 2018, 'company_name': 'CareGuide'}]",3,"['Biofire', 'CareGuide', 'Copia', 'Copia']",True,Mascot of Life,,"['AgTech', 'Analytics', 'Real Estate/PropTech', 'Consumer Health', 'E-commerce', 'BioTech', 'Marketplaces', 'Diverse Investors', 'Investors who were founders', 'Investors who invested in female founders', 'Investors who invested in diverse founders', 'Los Angeles / Southern California', 'Consumer Internet', 'New York City', 'SaaS', 'San Francisco Bay Area', 'Austin', 'Digital Health']",nfx_signal,0.9,2025-12-10T07:09:47.504684+00:00,2025-12-10T07:09:47.504684+00:00
9,Sunil Rajaraman,firm,Sequoia Capital,California,Advertising,"['Advertising', 'MarketingTech', 'AgTech', 'Analytics', 'Media/Content', 'Diverse Investors', 'Investors who were founders', 'Investors who invested in female founders', 'Investors who invested in diverse founders', 'Enterprise', 'Marketplaces', 'San Francisco Bay Area', 'Future of Work', 'Angel, Scout, and Solo-Capitalists']","['Seed', 'Other Lists', 'Pre-seed']",https://www.sequoiacap.com/sea/,https://signal.nfx.com/investors/sunil-rajaraman,https://www.linkedin.com/in/sunilrajaraman/,http://twitter.com/subes01,"[{'year': 2023, 'company_name': 'Azteco'}, {'year': 2021, 'company_name': 'Practice'}, {'year': 2021, 'company_name': 'Maven'}, {'year': 2020, 'company_name': 'Turing'}, {'year': 2019, 'company_name': 'Aalto'}, {'year': 2016, 'company_name': 'Iron Ox'}]",6,"['Turing', 'Practice', 'Aalto', 'Azteco', 'Maven']",True,"Founder, Investor, Writer.","Labor marketplaces, AI, marketing technology.","['Advertising', 'MarketingTech', 'AgTech', 'Analytics', 'Media/Content', 'Diverse Investors', 'Investors who were founders', 'Investors who invested in female founders', 'Investors who invested in diverse founders', 'Enterprise', 'Marketplaces', 'San Francisco Bay Area', 'Future of Work', 'Angel, Scout, and Solo-Capitalists']",nfx_signal,0.9,2025-12-10T06:38:19.632937+00:00,2025-12-10T07:10:46.095498+00:00
32,Parikshit Sharma,firm,SOSV,San Francisco Bay Area,AgTech,"['AgTech', 'Material Science', 'Medical Devices', 'Consumer Health', 'Impact', 'Pharmaceuticals', 'Food and Beverage', 'BioTech', 'EnergyTech', 'Diverse Investors', 'Health & Hospital Services', 'Investors who invested in female founders', 'Investors who invested in diverse founders', 'San Francisco Bay Area']","['Series B', 'Seed', 'Series A', 'Other Lists', 'Pre-seed']",https://sosv.com/team/parikshit-sharma,https://signal.nfx.com/investors/parikshit-sharma,https://www.linkedin.com/in/parikshit-sharma-a3b41b91/,https://twitter.com/ParikshitS_,[],0,[],False,Partner at SOSV,,"['AgTech', 'Material Science', 'Medical Devices', 'Consumer Health', 'Impact', 'Pharmaceuticals', 'Food and Beverage', 'BioTech', 'EnergyTech', 'Diverse Investors', 'Health & Hospital Services', 'Investors who invested in female founders', 'Investors who invested in diverse founders', 'San Francisco Bay Area']",nfx_signal,0.9,2025-12-10T07:11:37.412552+00:00,2025-12-10T07:11:37.412552+00:00
33,Alex Kopelyan,firm,SOSV,United States,Material Science,"['Material Science', 'Pharmaceuticals', 'AgTech', 'Food and Beverage', 'ClimateTech/CleanTech', 'BioTech', 'Consumer Health', 'Health IT', 'San Francisco Bay Area', 'Health & Hospital Services']","['Seed', 'Other Lists', 'Pre-seed']",https://sosv.com/team/alex-kopelyan,https://signal.nfx.com/investors/alex-kopelyan,https://www.linkedin.com/in/alex-kopelyan-66b16726/,https://twitter.com/alexkopelyan,[],0,[],False,Senior Director & Partner at SOSV�s IndieBio,,"['Material Science', 'Pharmaceuticals', 'AgTech', 'Food and Beverage', 'ClimateTech/CleanTech', 'BioTech', 'Consumer Health', 'Health IT', 'San Francisco Bay Area', 'Health & Hospital Services']",nfx_signal,0.9,2025-12-10T07:12:25.47295+00:00,2025-12-10T07:12:25.47295+00:00
34,AJ Solimine,firm,Script Capital,San Francisco Bay Area,Social Commerce,"['Social Commerce', 'SMB Software', 'AgTech', 'Web3/Blockchain', 'Investors who invested in female founders', 'Investors who were founders', 'Web3/Crypto', 'Investors who invested in diverse founders', 'FinTech', 'San Francisco Bay Area', 'SaaS']","['Seed', 'Other Lists', 'Pre-seed']",https://script.capital/,https://signal.nfx.com/investors/andrew-solimine,https://www.linkedin.com/in/ajsolimine/,http://www.twitter.com/ajhit406,"[{'year': 2024, 'company_name': 'Butler'}, {'year': 2020, 'company_name': 'Anvil Foundry'}, {'year': 2018, 'company_name': 'Scatter'}, {'year': 2017, 'company_name': 'Ludus'}, {'year': 2016, 'company_name': 'Sqreen'}, {'year': 2015, 'company_name': 'Tech in Asia'}]",6,"['Scatter', 'Tech in Asia', 'Butler', 'Ludus', 'Anvil Foundry']",True,Founder and Managing Partner at Script Capital,,"['Social Commerce', 'SMB Software', 'AgTech', 'Web3/Blockchain', 'Investors who invested in female founders', 'Investors who were founders', 'Web3/Crypto', 'Investors who invested in diverse founders', 'FinTech', 'San Francisco Bay Area', 'SaaS']",nfx_signal,0.9,2025-12-10T07:13:52.864931+00:00,2025-12-10T07:13:52.864931+00:00
35,Michael Rose,firm,Better Food Ventures,San Francisco Bay Area,Analytics,"['Analytics', 'AgTech', 'Robotics', 'Food and Beverage', 'San Francisco Bay Area']","['Series B', 'Series A', 'Seed', 'Other Lists', 'Pre-seed']",https://www.betterfoodventures.com/,https://signal.nfx.com/investors/michael-rose,https://www.linkedin.com/in/jmichaelrose/,,[],0,[],False,,Funding IT Innovators for Positive Impact in Food & Agriculture,"['Analytics', 'AgTech', 'Robotics', 'Food and Beverage', 'San Francisco Bay Area']",nfx_signal,0.9,2025-12-10T07:16:14.999891+00:00,2025-12-10T07:16:14.999891+00:00
37,Anand Chandrasekaran,firm,General Catalyst,"Palo Alto, California",AgTech,"['AgTech', 'AI', 'Web3/Crypto', 'ClimateTech/CleanTech', 'Consumer Internet', 'Marketplaces', 'FinTech', 'Health IT', 'SaaS', 'San Francisco Bay Area', 'Angel, Scout, and Solo-Capitalists', 'Digital Health']","['Series B', 'Series A', 'Seed', 'Other Lists', 'Pre-seed']",https://www.generalcatalyst.com/team/anand-chandrasekaran,https://signal.nfx.com/investors/anand-chandrasekaran,https://www.linkedin.com/in/anandc/,http://twitter.com/anandc,"[{'year': 2025, 'company_name': 'HiOctave'}, {'year': 2025, 'company_name': 'JEH Aerospace'}, {'year': 2024, 'company_name': 'JEH Aerospace'}, {'year': 2025, 'company_name': 'Stance Health'}, {'year': 2024, 'company_name': 'Orange Health Labs'}, {'year': 2022, 'company_name': 'Orange Health Labs'}, {'year': 2024, 'company_name': 'Crescendo'}, {'year': 2024, 'company_name': 'Stan'}, {'year': 2022, 'company_name': 'Stan'}, {'year': 2023, 'company_name': 'QuriousBit'}, {'year': 2023, 'company_name': 'Magma'}]",60,"['Crescendo', 'Orange Health Labs', 'HiOctave', 'Orange Health Labs', 'JEH Aerospace']",True,Venture Advisor (former Partner) at General Catalyst,,"['AgTech', 'AI', 'Web3/Crypto', 'ClimateTech/CleanTech', 'Consumer Internet', 'Marketplaces', 'FinTech', 'Health IT', 'SaaS', 'San Francisco Bay Area', 'Angel, Scout, and Solo-Capitalists', 'Digital Health']",nfx_signal,0.9,2025-12-10T07:20:09.894294+00:00,2025-12-10T07:20:09.894294+00:00
38,Lorenzo Thione,firm,Gaingels,"Chicago, Illinois",AgTech,"['AgTech', 'AI', 'Robotics', 'ClimateTech/CleanTech', 'Enterprise', 'Diverse Investors', 'SaaS', 'Investors who were founders', 'Investors who invested in female founders', 'Investors who invested in diverse founders', 'New York City', 'Midwest', 'Digital Health', 'Wellness & Fitness', 'DeepTech', 'Generative Tech/AI']","['Series B', 'Series A', 'Seed', 'Other Lists', 'Pre-seed', 'Series C', 'Post-seed']",https://gaingels.com/team,https://signal.nfx.com/investors/lorenzo-thione,https://www.linkedin.com/in/lorenzothione/,https://www.twitter.com/thione,"[{'year': 2025, 'company_name': 'Ashby'}, {'year': 2025, 'company_name': 'Turing'}, {'year': 2020, 'company_name': 'Turing'}, {'year': 2024, 'company_name': 'Openmart'}, {'year': 2024, 'company_name': 'Ceemo'}, {'year': 2024, 'company_name': 'Limbic'}, {'year': 2024, 'company_name': 'Leap AI'}, {'year': 2023, 'company_name': 'SpecCheck'}, {'year': 2023, 'company_name': 'Paxton'}]",38,"['Turing', 'Ashby', 'Turing', 'Limbic', 'Paxton']",True,"Managing Director at Gaingels, Investor in 500+ companies",,"['AgTech', 'AI', 'Robotics', 'ClimateTech/CleanTech', 'Enterprise', 'Diverse Investors', 'SaaS', 'Investors who were founders', 'Investors who invested in female founders', 'Investors who invested in diverse founders', 'New York City', 'Midwest', 'Digital Health', 'Wellness & Fitness', 'DeepTech', 'Generative Tech/AI']",nfx_signal,0.9,2025-12-10T07:29:45.888287+00:00,2025-12-10T07:29:45.888287+00:00
39,Cain McClary,firm,KdT Ventures,"Austin, Texas",Material Science,"['Material Science', 'Pharmaceuticals', 'AgTech', 'Analytics', 'EnergyTech', 'BioTech', 'AI', 'Health IT', 'San Francisco Bay Area', 'Austin', 'Raleigh-Durham / Southeast US', 'Boston / New England']","['Seed', 'Other Lists', 'Pre-seed', 'Post-seed']",https://www.kdtvc.com/,https://signal.nfx.com/investors/cain-mcclary,https://www.linkedin.com/in/cainmcclary/,,"[{'year': 2025, 'company_name': 'Character Biosciences'}, {'year': 2020, 'company_name': 'Character Biosciences'}, {'year': 2024, 'company_name': 'Elegen'}, {'year': 2019, 'company_name': 'Checkerspot'}, {'year': 2018, 'company_name': 'Checkerspot'}, {'year': 2018, 'company_name': 'Tierra Biosciences'}]",4,"['Character Biosciences', 'Elegen', 'Checkerspot', 'Character Biosciences', 'Checkerspot']",True,Founder and Managing Partner at KdT Ventures,,"['Material Science', 'Pharmaceuticals', 'AgTech', 'Analytics', 'EnergyTech', 'BioTech', 'AI', 'Health IT', 'San Francisco Bay Area', 'Austin', 'Raleigh-Durham / Southeast US', 'Boston / New England']",nfx_signal,0.9,2025-12-10T07:30:47.135657+00:00,2025-12-10T07:30:47.135657+00:00
40,Binh Tran,firm,Ascend Vietnam Ventures,San Francisco Bay Area,Social Commerce,"['Social Commerce', 'AgTech', 'Real Estate/PropTech', 'Education', 'AI', 'Logistics', 'Diverse Investors', 'Investors who invested in female founders', 'Investors who invested in diverse founders', 'E-commerce', 'FinTech', 'Marketplaces', 'San Francisco Bay Area', 'SaaS', 'Angel, Scout, and Solo-Capitalists']","['Seed', 'Other Lists', 'Pre-seed', 'Post-seed']",https://avv.co/,https://signal.nfx.com/investors/binh-tran,https://www.linkedin.com/in/binhqtran/,https://www.twitter.com/binhtran,"[{'year': 2025, 'company_name': 'Vaudit (Formerly BlokID)'}, {'year': 2024, 'company_name': 'Vaudit (Formerly BlokID)'}, {'year': 2021, 'company_name': 'Finblox'}, {'year': 2021, 'company_name': 'CatalyzeX'}, {'year': 2021, 'company_name': 'POC Pharma'}, {'year': 2020, 'company_name': 'Retrocausal'}, {'year': 2019, 'company_name': 'Nearside'}, {'year': 2018, 'company_name': 'Bunch'}, {'year': 2018, 'company_name': 'Turing'}]",21,"['Vaudit (Formerly BlokID)', 'POC Pharma', 'Nearside', 'Bunch', 'Turing']",True,General Partner at AVV,Tech companies solving emerging market problems,"['Social Commerce', 'AgTech', 'Real Estate/PropTech', 'Education', 'AI', 'Logistics', 'Diverse Investors', 'Investors who invested in female founders', 'Investors who invested in diverse founders', 'E-commerce', 'FinTech', 'Marketplaces', 'San Francisco Bay Area', 'SaaS', 'Angel, Scout, and Solo-Capitalists']",nfx_signal,0.9,2025-12-10T07:31:43.499311+00:00,2025-12-10T07:31:43.499311+00:00
41,Ludovic Cop�r�,firm,Sony Innovation Fund,"San Jose, California",AgTech,"['AgTech', 'AI', 'Robotics', 'FinTech', 'San Francisco Bay Area', 'Canada', 'Impact', 'Web3/Blockchain', 'Web3/Crypto', 'Enterprise Infrastructure', 'Investors who invested in diverse founders', 'Cybersecurity']","['Series B', 'Series A', 'Seed', 'Other Lists', 'Pre-seed', 'Series C', 'Post-seed']",https://angel.co/lcopere,https://signal.nfx.com/investors/ludovic-copere,https://www.linkedin.com/in/ludovic/,https://twitter.com/lcopere/,"[{'year': 2023, 'company_name': 'SiLC Technologies'}, {'year': 2022, 'company_name': 'Covr Financial Technologies'}, {'year': 2021, 'company_name': 'Truepic'}, {'year': 2020, 'company_name': 'Arkose Labs'}, {'year': 2019, 'company_name': 'PreAct Technologies'}, {'year': 2018, 'company_name': 'Ridecell'}, {'year': 2018, 'company_name': 'Matternet'}, {'year': 2016, 'company_name': 'Gastrograph'}]",9,"['Ridecell', 'Truepic', 'SiLC Technologies', 'Arkose Labs', 'Covr Financial Technologies']",True,"Senior Investment Director, Sony Ventures","web3, FinTech, Cybersecurity, Autonomous Mobility/Transportation, Drones, FoodTech, AgTech, Robotics, InsurTech, AI, IoT... start-ups where Sony can bring in strategic value","['AgTech', 'AI', 'Robotics', 'FinTech', 'San Francisco Bay Area', 'Canada', 'Impact', 'Web3/Blockchain', 'Web3/Crypto', 'Enterprise Infrastructure', 'Investors who invested in diverse founders', 'Cybersecurity']",nfx_signal,0.9,2025-12-10T07:33:07.532195+00:00,2025-12-10T07:33:07.532195+00:00
42,Shuo Yang,firm,Lowercarbon Capital,San Francisco Bay Area,Material Science,"['Material Science', 'Fashion', 'Impact', 'AgTech', 'Food and Beverage', 'EnergyTech', 'ClimateTech/CleanTech', 'Education', 'Chemicals', 'Manufacturing', 'Diverse Investors', 'Investors who invested in female founders', 'Investors who were founders', 'Investors who invested in diverse founders', 'San Francisco Bay Area']","['Seed', 'Other Lists', 'Pre-seed', 'Post-seed']",https://lowercarboncapital.com/team/shuo-yang/,https://signal.nfx.com/investors/shuo-yang,https://www.linkedin.com/in/shuo/,https://www.twitter.com/shuofucious,"[{'year': 2024, 'company_name': 'unspun'}, {'year': 2023, 'company_name': 'unspun'}]",1,"['unspun', 'unspun']",True,Partner at Lowercarbon Capital,,"['Material Science', 'Fashion', 'Impact', 'AgTech', 'Food and Beverage', 'EnergyTech', 'ClimateTech/CleanTech', 'Education', 'Chemicals', 'Manufacturing', 'Diverse Investors', 'Investors who invested in female founders', 'Investors who were founders', 'Investors who invested in diverse founders', 'San Francisco Bay Area']",nfx_signal,0.9,2025-12-10T07:36:42.130818+00:00,2025-12-10T07:36:42.130818+00:00
43,Greg Bennett,firm,Kapor Capital,"San Francisco, California",AgTech,"['AgTech', 'Food and Beverage', 'EnergyTech', 'San Francisco Bay Area', 'Enterprise Infrastructure']","['Series A', 'Seed', 'Other Lists', 'Pre-seed']",https://kaporcapital.com/who-we-are/greg-bennett/,https://signal.nfx.com/investors/greg-bennett_1,https://www.linkedin.com/in/greg-bennett-277451a/,https://www.twitter.com/gbennett41,[],0,[],False,Principal at Kapor Capital,,"['AgTech', 'Food and Beverage', 'EnergyTech', 'San Francisco Bay Area', 'Enterprise Infrastructure']",nfx_signal,0.9,2025-12-10T07:37:31.714298+00:00,2025-12-10T07:37:31.714298+00:00
44,Shilpi Kumar,firm,Third Sphere,"Oakland, California",Hardware,"['Hardware', 'Robotics', 'AgTech', 'TransportationTech', 'EnergyTech', 'IoT', 'ClimateTech/CleanTech', 'Logistics', 'Manufacturing', 'Diverse Investors', 'Investors who invested in female founders', 'Female Investors', 'Investors who invested in diverse founders', 'San Francisco Bay Area']","['Seed', 'Other Lists', 'Pre-seed', 'Post-seed']",https://thirdsphere.com/,https://signal.nfx.com/investors/shilpi-kumar,https://www.linkedin.com/in/shilpikumar/,,"[{'year': 2022, 'company_name': 'Earth Force Technologies'}]",1,['Earth Force Technologies'],True,Partner at Third Sphere,,"['Hardware', 'Robotics', 'AgTech', 'TransportationTech', 'EnergyTech', 'IoT', 'ClimateTech/CleanTech', 'Logistics', 'Manufacturing', 'Diverse Investors', 'Investors who invested in female founders', 'Female Investors', 'Investors who invested in diverse founders', 'San Francisco Bay Area']",nfx_signal,0.9,2025-12-10T07:38:23.740669+00:00,2025-12-10T07:41:28.235753+00:00
46,Mack Healy,firm,KdT Ventures,"Austin, Texas",Material Science,"['Material Science', 'Pharmaceuticals', 'AgTech', 'Analytics', 'EnergyTech', 'BioTech', 'Los Angeles / Southern California', 'Health IT', 'San Francisco Bay Area', 'Austin', 'Boston / New England']","['Seed', 'Other Lists', 'Pre-seed', 'Post-seed']",https://www.kdtvc.com/,https://signal.nfx.com/investors/mack-healy,https://www.linkedin.com/in/mackjhealy/,,"[{'year': 2020, 'company_name': 'Circularis Biotechnologies'}, {'year': 2016, 'company_name': 'PathAI'}]",2,"['PathAI', 'Circularis Biotechnologies']",False,Managing Partner at KdT Ventures,Entrepreneurs reprogramming chemistry and biology using creative technology platforms.,"['Material Science', 'Pharmaceuticals', 'AgTech', 'Analytics', 'EnergyTech', 'BioTech', 'Los Angeles / Southern California', 'Health IT', 'San Francisco Bay Area', 'Austin', 'Boston / New England']",nfx_signal,0.9,2025-12-10T07:41:48.072308+00:00,2025-12-10T07:41:48.072308+00:00
19,Eyal Gura,firm,Webtalk Ltd,Israel,Advertising,"['Advertising', 'AgTech', 'Consumer Health', 'AI', 'Payments', 'Developer Tools', 'Enterprise', 'Diverse Investors', 'Investors who were founders', 'Investors who invested in female founders', 'SaaS', 'Israel', 'Investors who invested in diverse founders', 'Boston / New England', 'Angel, Scout, and Solo-Capitalists', 'Digital Health', 'DeepTech']","['Series B', 'Series A', 'Seed', 'Other Lists', 'Pre-seed', 'Post-seed']",,https://signal.nfx.com/investors/eyal-gura,https://www.linkedin.com/in/eyalgura/,http://twitter.com/eyalg,"[{'year': 2022, 'company_name': 'Taranis'}, {'year': 2018, 'company_name': 'Taranis'}, {'year': 2017, 'company_name': 'Taranis'}, {'year': 2016, 'company_name': 'Taranis'}, {'year': 2015, 'company_name': 'Taranis'}, {'year': 2022, 'company_name': 'Imagene AI'}, {'year': 2021, 'company_name': 'Theator'}, {'year': 2019, 'company_name': 'Theator'}, {'year': 2020, 'company_name': 'TechSee'}, {'year': 2020, 'company_name': 'Dataloop AI'}, {'year': 2020, 'company_name': 'Awell Health'}, {'year': 2019, 'company_name': 'venn'}, {'year': 2019, 'company_name': 'Wi Charge'}]",25,"['Taranis', 'venn', 'TechSee', 'Taranis', 'Imagene AI']",True,Entrepreneur & Venture Investor,,"['Advertising', 'AgTech', 'Consumer Health', 'AI', 'Payments', 'Developer Tools', 'Enterprise', 'Diverse Investors', 'Investors who were founders', 'Investors who invested in female founders', 'SaaS', 'Israel', 'Investors who invested in diverse founders', 'Boston / New England', 'Angel, Scout, and Solo-Capitalists', 'Digital Health', 'DeepTech']",nfx_signal,0.9,2025-12-10T06:54:51.046874+00:00,2025-12-10T07:43:02.801624+00:00
48,Paul Straub,firm,Wireframe Ventures,California,AgTech,"['AgTech', 'Impact', 'TransportationTech', 'ClimateTech/CleanTech', 'EnergyTech', 'IoT', 'Logistics', 'Marketplaces', 'Health IT', 'FinTech', 'Canada']","['Series A', 'Seed', 'Other Lists', 'Pre-seed']",https://www.wireframevc.com/,https://signal.nfx.com/investors/paul-straub,https://www.linkedin.com/in/paulstraub/,https://www.twitter.com/pstraub,"[{'year': 2025, 'company_name': 'C.Scale'}, {'year': 2025, 'company_name': 'Bedrock Energy'}, {'year': 2023, 'company_name': 'Bedrock Energy'}, {'year': 2020, 'company_name': 'Electriphi'}, {'year': 2017, 'company_name': 'Blue Pillar'}, {'year': 2012, 'company_name': 'Blue Pillar'}, {'year': 2016, 'company_name': 'Alphabet Energy'}, {'year': 2013, 'company_name': 'Alphabet Energy'}, {'year': 2011, 'company_name': 'Alphabet Energy'}, {'year': 2010, 'company_name': 'Alphabet Energy'}, {'year': 2012, 'company_name': 'Adura Technologies'}, {'year': 2010, 'company_name': 'Adura Technologies'}, {'year': 2008, 'company_name': 'Adura Technologies'}, {'year': 2011, 'company_name': 'Project Frog'}, {'year': 2011, 'company_name': 'Clean Power Finance'}, {'year': 2010, 'company_name': 'Clean Power Finance'}]",9,"['Clean Power Finance', 'Alphabet Energy', 'Project Frog', 'Alphabet Energy', 'Bedrock Energy']",True,Managing Partner & Co-Founder at Wireframe Ventures,,"['AgTech', 'Impact', 'TransportationTech', 'ClimateTech/CleanTech', 'EnergyTech', 'IoT', 'Logistics', 'Marketplaces', 'Health IT', 'FinTech', 'Canada']",nfx_signal,0.9,2025-12-10T07:43:59.091375+00:00,2025-12-10T07:43:59.091375+00:00
49,Yipeng Zhao,firm,Embark Ventures,Los Angeles / Southern California,Material Science,"['Material Science', 'Medical Devices', 'AgTech', 'Robotics', 'BioTech', 'AI', 'Los Angeles / Southern California']","['Seed', 'Series A', 'Other Lists', 'Pre-seed']",https://www.embark.vc/,https://signal.nfx.com/investors/yipeng-zhao,https://www.linkedin.com/in/yipengzhao/,,[],0,[],False,,"Automation (AI/ML, Robotics), Advanced Materials and Biotech","['Material Science', 'Medical Devices', 'AgTech', 'Robotics', 'BioTech', 'AI', 'Los Angeles / Southern California']",nfx_signal,0.9,2025-12-10T07:45:01.776732+00:00,2025-12-10T07:45:01.776732+00:00
50,Peter Thiel,firm,Founders Fund,"San Francisco, California",AI,"['AI', 'BioTech', 'EnergyTech', 'Space', 'FinTech', 'San Francisco Bay Area', 'Angel, Scout, and Solo-Capitalists']","['Series B', 'Seed', 'Series A', 'Other Lists', 'Pre-seed']",https://foundersfund.com/team/peter-thiel/,https://signal.nfx.com/investors/peter-thiel,https://www.linkedin.com/in/peterthiel/,http://www.twitter.com/peterthiel,"[{'year': 2025, 'company_name': 'Ramp'}, {'year': 2025, 'company_name': 'Ramp'}, {'year': 2025, 'company_name': 'Ramp'}, {'year': 2025, 'company_name': 'Cognition'}, {'year': 2025, 'company_name': 'Cognition'}, {'year': 2024, 'company_name': 'Cognition'}, {'year': 2025, 'company_name': 'STARK'}, {'year': 2025, 'company_name': 'Kriya Therapeutics'}, {'year': 2025, 'company_name': 'ETHZilla'}, {'year': 2025, 'company_name': 'Decart'}, {'year': 2025, 'company_name': 'Varda'}, {'year': 2025, 'company_name': 'Bitmine Immersion Technologies'}]",182,"['Ramp', 'Cognition', 'Kriya Therapeutics', 'Ramp', 'Cognition']",True,Managing Partner at Founders Fund,,"['AI', 'BioTech', 'EnergyTech', 'Space', 'FinTech', 'San Francisco Bay Area', 'Angel, Scout, and Solo-Capitalists']",nfx_signal,0.9,2025-12-10T07:45:58.66576+00:00,2025-12-10T07:45:58.66576+00:00
52,Nat Friedman,firm,C2 Investment,"San Francisco, California",AI,"['AI', 'Cloud Infrastructure', 'SaaS', 'San Francisco Bay Area', 'Angel, Scout, and Solo-Capitalists', 'Generative Tech/AI']","['Series B', 'Series A', 'Seed', 'Other Lists', 'Pre-seed', 'Series C']",,https://signal.nfx.com/investors/nat-friedman,https://www.linkedin.com/in/natfriedman/,https://twitter.com/natfriedman,"[{'year': 2025, 'company_name': 'Sumble'}, {'year': 2025, 'company_name': 'Composite'}, {'year': 2025, 'company_name': 'Medra AI'}, {'year': 2025, 'company_name': 'Julius AI'}, {'year': 2025, 'company_name': 'Artificial Intelligence Underwriting Company'}, {'year': 2025, 'company_name': 'XBOW'}, {'year': 2025, 'company_name': 'XBOW'}, {'year': 2025, 'company_name': 'Traversal'}, {'year': 2025, 'company_name': 'Antimetal'}]",93,"['XBOW', 'Traversal', 'Sumble', 'XBOW', 'Antimetal']",True,"Investor, entrepreneur",,"['AI', 'Cloud Infrastructure', 'SaaS', 'San Francisco Bay Area', 'Angel, Scout, and Solo-Capitalists', 'Generative Tech/AI']",nfx_signal,0.9,2025-12-10T07:47:40.333778+00:00,2025-12-10T07:47:40.333778+00:00
53,James Currier,firm,NFX,"Palo Alto, California",Messaging,"['Messaging', 'Games', 'SMB Software', 'Payments', 'Gaming/eSports', 'Web3/Blockchain', 'AI', 'Investors who were founders', 'Investors who invested in female founders', 'Israel', 'Investors who invested in diverse founders', 'Marketplaces', 'SaaS', 'San Francisco Bay Area', 'Angel, Scout, and Solo-Capitalists', 'Generative Tech/AI']","['Seed', 'Other Lists', 'Pre-seed']",https://nfx.com/team/james-currier/,https://signal.nfx.com/investors/james-currier,https://www.linkedin.com/in/jamescurrier/,http://www.twitter.com/JamesCurrier,"[{'year': 2025, 'company_name': 'Rec Technologies'}, {'year': 2024, 'company_name': 'Rec Technologies'}, {'year': 2025, 'company_name': 'Warmly'}, {'year': 2023, 'company_name': 'Warmly'}, {'year': 2020, 'company_name': 'Warmly'}, {'year': 2024, 'company_name': 'Smashing'}, {'year': 2024, 'company_name': 'Sagetap'}, {'year': 2023, 'company_name': 'Candex'}, {'year': 2022, 'company_name': 'Candex'}, {'year': 2021, 'company_name': 'Candex'}, {'year': 2019, 'company_name': 'Candex'}, {'year': 2019, 'company_name': 'Candex'}, {'year': 2023, 'company_name': 'Nuvocargo'}, {'year': 2022, 'company_name': 'Nuvocargo'}, {'year': 2021, 'company_name': 'Nuvocargo'}, {'year': 2021, 'company_name': 'Nuvocargo'}, {'year': 2020, 'company_name': 'Nuvocargo'}, {'year': 2022, 'company_name': 'Cherry'}, {'year': 2022, 'company_name': 'fidu'}]",98,"['Candex', 'Nuvocargo', 'Nuvocargo', 'Candex', 'Candex']",True,General Partner at NFX,"Companies in the SF Bay Area. Anything with network effects: networks, marketplaces, synthetic biology, urban tech, fintech, B2B, B2C, consumer products, AR, IOT, connected devices.","['Messaging', 'Games', 'SMB Software', 'Payments', 'Gaming/eSports', 'Web3/Blockchain', 'AI', 'Investors who were founders', 'Investors who invested in female founders', 'Israel', 'Investors who invested in diverse founders', 'Marketplaces', 'SaaS', 'San Francisco Bay Area', 'Angel, Scout, and Solo-Capitalists', 'Generative Tech/AI']",nfx_signal,0.9,2025-12-10T07:48:46.64627+00:00,2025-12-10T07:48:46.64627+00:00
54,Jason Calacanis,firm,LAUNCH,"San Francisco, California",Fashion,"['Fashion', 'Sales & CRM', 'Consumer Health', 'Retail', 'AI', 'Gaming/eSports', 'Entertainment & Sports', 'Cloud Infrastructure', 'Food and Beverage', 'Health & Hospital Services', 'San Francisco Bay Area', 'Angel, Scout, and Solo-Capitalists']","['Seed', 'Series B', 'Series A', 'Other Lists', 'Pre-seed']",https://calacanis.com/,https://signal.nfx.com/investors/jason-calacanis,https://www.linkedin.com/in/jasoncalacanis/,https://twitter.com/Jason,"[{'year': 2025, 'company_name': 'Tenax ai'}, {'year': 2025, 'company_name': 'howie'}, {'year': 2025, 'company_name': 'Yorby AI'}, {'year': 2025, 'company_name': 'Ithy'}, {'year': 2025, 'company_name': 'Videogo'}, {'year': 2025, 'company_name': 'Guestlist'}, {'year': 2025, 'company_name': 'Viva Care'}, {'year': 2025, 'company_name': 'Millet AI'}]",407,"['howie', 'Tenax ai', 'Yorby AI', 'Ithy', 'Videogo']",True,Founder & CEO at LAUNCH,"Founders with traction for the LAUNCH Accelerator
Founders with $1m+ ARR for jasonssyndicate.com","['Fashion', 'Sales & CRM', 'Consumer Health', 'Retail', 'AI', 'Gaming/eSports', 'Entertainment & Sports', 'Cloud Infrastructure', 'Food and Beverage', 'Health & Hospital Services', 'San Francisco Bay Area', 'Angel, Scout, and Solo-Capitalists']",nfx_signal,0.9,2025-12-10T07:49:39.757124+00:00,2025-12-10T07:49:39.757124+00:00
26,Sarai Bronfeld,firm,NFX,"Tel Aviv, Israel",Games,"['Games', 'AR/VR', 'AgTech', 'Food and Beverage', 'AI', 'Female Investors', 'Investors who were founders', 'Investors who invested in female founders', 'E-commerce', 'Israel', 'Investors who invested in diverse founders', 'SaaS', 'Cybersecurity', 'Generative Tech/AI']","['Seed', 'Other Lists', 'Pre-seed']",https://www.nfx.com/,https://signal.nfx.com/investors/sarai-bronfeld,https://www.linkedin.com/in/sarai-bronfeld-743602211/?originalSubdomain=il,,"[{'year': 2025, 'company_name': 'Impala AI'}]",1,['Impala AI'],True,Investment Team at NFX,,"['Games', 'AR/VR', 'AgTech', 'Food and Beverage', 'AI', 'Female Investors', 'Investors who were founders', 'Investors who invested in female founders', 'E-commerce', 'Israel', 'Investors who invested in diverse founders', 'SaaS', 'Cybersecurity', 'Generative Tech/AI']",nfx_signal,0.9,2025-12-10T07:06:19.126427+00:00,2025-12-10T07:50:21.485624+00:00
56,Ullas Naik,firm,Streamlined Ventures,"Palo Alto, California",Parenting/Families,"['Parenting/Families', 'Sales & CRM', 'Games', 'AI', 'Developer Tools', 'ClimateTech/CleanTech', 'Security', 'Cloud Infrastructure', 'IoT', 'Investors who invested in female founders', 'San Francisco Bay Area', 'Angel, Scout, and Solo-Capitalists']","['Seed', 'Series B', 'Series A', 'Other Lists', 'Pre-seed']",https://www.streamlined.vc/our-team,https://signal.nfx.com/investors/ullas-naik,https://www.linkedin.com/in/ullasnaik/,http://twitter.com/ullastweets,"[{'year': 2025, 'company_name': 'Matey'}, {'year': 2024, 'company_name': 'Matey'}, {'year': 2025, 'company_name': 'TwinMind'}, {'year': 2025, 'company_name': 'Precog Data'}, {'year': 2023, 'company_name': 'Precog Data'}, {'year': 2021, 'company_name': 'Precog Data'}, {'year': 2025, 'company_name': 'Hoot'}, {'year': 2024, 'company_name': 'FLYR'}, {'year': 2021, 'company_name': 'FLYR'}, {'year': 2019, 'company_name': 'FLYR'}, {'year': 2017, 'company_name': 'FLYR'}, {'year': 2016, 'company_name': 'FLYR'}, {'year': 2015, 'company_name': 'FLYR'}, {'year': 2014, 'company_name': 'FLYR'}, {'year': 2024, 'company_name': 'KYC Hospitality'}, {'year': 2024, 'company_name': 'Findigs'}, {'year': 2021, 'company_name': 'Findigs'}, {'year': 2020, 'company_name': 'Findigs'}, {'year': 2024, 'company_name': 'Flip'}, {'year': 2022, 'company_name': 'Flip'}, {'year': 2021, 'company_name': 'Flip'}, {'year': 2020, 'company_name': 'Flip'}]",193,"['FLYR', 'FLYR', 'Flip', 'Flip', 'Flip']",True,Founder and General Partner at Streamlined Ventures,,"['Parenting/Families', 'Sales & CRM', 'Games', 'AI', 'Developer Tools', 'ClimateTech/CleanTech', 'Security', 'Cloud Infrastructure', 'IoT', 'Investors who invested in female founders', 'San Francisco Bay Area', 'Angel, Scout, and Solo-Capitalists']",nfx_signal,0.9,2025-12-10T07:51:16.188254+00:00,2025-12-10T07:51:16.188254+00:00
57,Scott Belsky,individual,,"New York, New York",Social Commerce,"['Social Commerce', 'Developer Tools', 'ClimateTech/CleanTech', 'AI', 'Web3/Crypto', 'Marketplaces', 'Female Investors', 'Investors who were founders', 'Consumer Internet', 'Enterprise', 'FinTech', 'New York City', 'Angel, Scout, and Solo-Capitalists', 'Direct-to-Consumer (DTC)']","['Seed', 'Series A', 'Other Lists', 'Pre-seed']",https://www.scottbelsky.com,https://signal.nfx.com/investors/scott-belsky,https://www.linkedin.com/in/scottbelsky/,http://twitter.com/scottbelsky,"[{'year': 2025, 'company_name': 'Mem0'}, {'year': 2025, 'company_name': 'Waldo'}, {'year': 2025, 'company_name': 'Doctronic'}, {'year': 2025, 'company_name': 'Hero Assistant'}, {'year': 2025, 'company_name': 'Extend'}, {'year': 2025, 'company_name': 'Lemni'}, {'year': 2025, 'company_name': 'Eudia'}, {'year': 2024, 'company_name': 'Mainframe'}]",238,"['Eudia', 'Mem0', 'Doctronic', 'Extend', 'Waldo']",True,"Product/Design Obsessive, Founder, Author, Investor",,"['Social Commerce', 'Developer Tools', 'ClimateTech/CleanTech', 'AI', 'Web3/Crypto', 'Marketplaces', 'Female Investors', 'Investors who were founders', 'Consumer Internet', 'Enterprise', 'FinTech', 'New York City', 'Angel, Scout, and Solo-Capitalists', 'Direct-to-Consumer (DTC)']",nfx_signal,0.9,2025-12-10T07:52:52.75276+00:00,2025-12-10T07:52:52.75276+00:00
58,Or Offer,firm,NFX,Israel,Israel,"['Israel', 'San Francisco Bay Area', 'AI', 'Consumer Internet', 'Enterprise']","['Other Lists', 'Pre-seed']",https://similarweb.com,https://signal.nfx.com/investors/or-offer,https://www.linkedin.com/in/oroffer/,https://www.twitter.com/oroffer,"[{'year': 2023, 'company_name': 'Firmbase'}, {'year': 2021, 'company_name': 'InfiniGrow'}]",2,"['Firmbase', 'InfiniGrow']",True,Co-Founder & CEO at SimilarWeb | NFX Scout,,"['Israel', 'San Francisco Bay Area', 'AI', 'Consumer Internet', 'Enterprise']",nfx_signal,0.9,2025-12-10T07:55:02.80954+00:00,2025-12-10T07:55:02.80954+00:00
59,Josh Kopelman,firm,First Round Capital,"Philadelphia, Pennsylvania",AI,"['AI', 'Media/Content', 'Consumer Internet', 'Enterprise', 'Marketplaces', 'Investors who were founders', 'Investors who invested in female founders', 'Investors who invested in diverse founders', 'New York City', 'San Francisco Bay Area', 'Canada', 'Angel, Scout, and Solo-Capitalists']","['Series B', 'Seed', 'Series A', 'Other Lists', 'Pre-seed']",https://firstround.com/person/josh-kopelman/#mystory,https://signal.nfx.com/investors/josh-kopelman,https://www.linkedin.com/in/jkopelman/,http://www.twitter.com/joshk,"[{'year': 2025, 'company_name': 'Parallel'}, {'year': 2025, 'company_name': 'Collate'}, {'year': 2024, 'company_name': 'Candid Health'}, {'year': 2022, 'company_name': 'Candid Health'}, {'year': 2024, 'company_name': 'Vitable Health'}, {'year': 2021, 'company_name': 'Vitable Health'}, {'year': 2024, 'company_name': 'Pomelo Care'}, {'year': 2023, 'company_name': 'Pomelo Care'}, {'year': 2022, 'company_name': 'Eigen Therapeutics'}, {'year': 2022, 'company_name': 'Merlin Labs'}, {'year': 2021, 'company_name': 'Merlin Labs'}, {'year': 2018, 'company_name': 'Merlin Labs'}, {'year': 2022, 'company_name': 'Boulder Care'}, {'year': 2020, 'company_name': 'Boulder Care'}]",57,"['Merlin Labs', 'Parallel', 'Pomelo Care', 'Boulder Care', 'Pomelo Care']",True,"Partner, First Round Capital",Josh invests in all industries.,"['AI', 'Media/Content', 'Consumer Internet', 'Enterprise', 'Marketplaces', 'Investors who were founders', 'Investors who invested in female founders', 'Investors who invested in diverse founders', 'New York City', 'San Francisco Bay Area', 'Canada', 'Angel, Scout, and Solo-Capitalists']",nfx_signal,0.9,2025-12-10T07:57:12.252776+00:00,2025-12-18T07:47:28.000053+00:00
